user_id,JobID,score_TFIDF,score_CV,score_KNN
1,1688,0.29205762837018157,0.3246297693620742,0.29205762837018157
1,1539,0.23996584624182907,0.24379722077431032,0.23996584624182904
1,1535,0.23977707121657404,0.24388682850955082,0.2397770712165741
1,1748,0.23717965974020513,0.2291675861028334,0.23717965974020516
1,1516,0.2194853819530559,0.20246249955319293,0.2194853819530559
1,2280,0.20709127359071,0.18382503444695816,0.20709127359071
1,2433,0.20606664320741208,0.177399995887323,0.20606664320741208
1,1520,0.20311539919588714,0.27172592374555904,0.20311539919588717
1,1602,0.20044201827396513,0.2213411541783432,0.20044201827396513
1,1855,0.19974816645419882,0.16547912789609373,0.1997481664541988
1,1378,0.19255985265643086,0.17897155172910156,0.19255985265643083
1,1915,0.18923597667968206,0.1812563376400159,0.18923597667968206
1,2350,0.1852724099437811,0.22092828448839183,0.18527240994378114
1,1523,0.18235453161307658,0.1639932930900345,0.18235453161307658
1,1376,0.18160659905747684,0.18004981459843714,0.1816065990574769
1,2431,0.17963614511604264,0.19217860207317586,0.17963614511604264
1,2434,0.17896723479630047,0.19210704049852076,0.1789672347963005
1,2442,0.1783286631886005,0.17366615623874276,0.17832866318860052
1,2216,0.17800677130069495,0.17682027349230336,0.17800677130069498
1,2444,0.1773381356246928,0.179961766519385,0.1773381356246928
1,1253,0.17496093163129833,0.17570012549803532,0.17496093163129833
1,1399,0.17457095288127575,0.23354789276564103,0.17457095288127578
1,1694,0.17363132394820113,0.16906215483946757,0.17363132394820113
1,1736,0.17215416766491784,0.22607144776306035,0.17215416766491787
1,2079,0.17214821758867843,0.2011227831960543,0.17214821758867838
1,2101,0.17214821758867843,0.2011227831960543,0.17214821758867838
1,2328,0.16934521462555285,0.17950184248365328,0.16934521462555285
1,1240,0.16811896882298719,0.23504695625724775,0.16811896882298716
1,1512,0.16621507359158866,0.17313614055335022,0.1662150735915886
1,2384,0.16570053747042396,0.21430017036269317,0.1657005374704239
1,1111,0.1608423465502239,0.20301522165005256,0.1608423465502239
1,1408,0.1601744871494178,0.18035149844113593,0.16017448714941773
1,2441,0.15648659337682144,0.17030386023887162,0.15648659337682147
1,2321,0.15266814667700818,0.19030948158169417,0.15266814667700812
1,2438,0.14909905776199697,0.17451458123027813,0.14909905776199694
1,1346,0.14848732355925567,0.2086645976179038,0.14848732355925565
1,1674,0.14381852875825515,0.18725820124571968,0.14381852875825518
1,1719,0.1435496751873772,0.1938173471599079,0.14354967518737727
1,280,0.1432606314955817,0.23162956182198247,0.14326063149558166
1,1747,0.14062901571721503,0.17819952178823917,0.14062901571721498
1,583,0.1404140133054375,0.21099578012659576,0.14041401330543746
1,1567,0.13894531995340495,0.16217313114572843,0.13894531995340498
1,1325,0.13770085486107586,0.1798216367835259,0.13770085486107586
1,721,0.13748908269347182,0.19656666671086817,0.13748908269347182
1,239,0.13697884110753497,0.198558865264387,0.136978841107535
1,2381,0.1368109010978163,0.16414150065259353,0.13681090109781624
1,1830,0.13223802289578232,0.20779400735914577,0.13223802289578235
1,758,0.1294676224645528,0.17086404275927852,0.1294676224645528
1,1230,0.1286450894659621,0.21351661519780427,0.1286450894659621
1,95,0.1283888947485112,0.17483967972714912,0.12838889474851123
1,2041,0.12785977830395714,0.17020071648378907,0.12785977830395712
1,104,0.12652823609415317,0.18412001343243894,0.1265282360941532
1,1743,0.12487745680064258,0.1753992123424922,0.12487745680064255
1,1243,0.12486637309797423,0.19249507381307365,0.12486637309797421
506,1454,0.38991363392071215,0.3478142868336403,0.3899136339207121
506,1421,0.35547375056977226,0.3034869714318014,0.35547375056977226
506,2422,0.30382689290054693,0.18513044313207894,0.303826892900547
506,2013,0.27990729719709395,0.4271257421285845,0.27990729719709395
506,1456,0.2744722413112256,0.23001355396652456,0.2744722413112256
506,2357,0.2668842326554644,0.23985103261400542,0.26688423265546435
506,1399,0.26480231947466654,0.34989753022490827,0.2648023194746665
506,1517,0.24281446993962294,0.20593383782163888,0.24281446993962297
506,1408,0.234571839722052,0.247896744420239,0.23457183972205198
506,2384,0.21679710649048695,0.30963064060155343,0.216797106490487
506,2070,0.2151000983926817,0.28768799457036376,0.21510009839268174
506,95,0.20791208845195425,0.23408624470190847,0.2079120884519543
506,2142,0.2027435892080952,0.2893299899838772,0.2027435892080952
506,1674,0.19794513456861645,0.2289280673010472,0.1979451345686165
506,2265,0.19636803039992265,0.3051340254998996,0.19636803039992268
506,2206,0.19462720765480426,0.2673270047691052,0.19462720765480424
506,1298,0.19148267688786966,0.2924319553679573,0.19148267688786968
506,2365,0.19088229225898667,0.2631379677145605,0.19088229225898667
506,1747,0.18884171507411493,0.2274134245901763,0.18884171507411496
506,2096,0.18729273137344948,0.1890033311597027,0.18729273137344948
506,2442,0.18355002389078756,0.1789650787232107,0.18355002389078756
506,2381,0.18164887938266117,0.19581527633346896,0.18164887938266117
506,1484,0.1812442655460202,0.2976151911878872,0.18124426554602024
506,313,0.18067907692534163,0.20978494253746421,0.1806790769253417
506,1830,0.1805599656183713,0.2908146956089499,0.1805599656183713
506,2308,0.17910579923284256,0.1869777961429097,0.17910579923284253
506,1325,0.17824632124861334,0.2373247622775947,0.1782463212486134
506,880,0.17823266055122927,0.21405784821405618,0.17823266055122922
506,2235,0.17805345394923935,0.3401057600223923,0.17805345394923933
506,1250,0.17471287423872472,0.2736001976730735,0.17471287423872472
506,1964,0.17200130358096274,0.2460250829556267,0.17200130358096277
506,1602,0.16822689051085327,0.17547728592061257,0.16822689051085327
506,1218,0.1678192761073155,0.2096169246070585,0.1678192761073155
506,1983,0.16766050970987506,0.23022257030162377,0.16766050970987512
506,1336,0.16289711302926957,0.2693465816156002,0.16289711302926957
506,1923,0.16148586599508333,0.1748531566425647,0.1614858659950833
506,1719,0.15964906390610356,0.2325969346749826,0.15964906390610356
506,2207,0.15937104195577215,0.17510722394727213,0.15937104195577212
506,1347,0.15236719543088856,0.21009829647264172,0.1523671954308885
506,1614,0.1504963865016483,0.17827799360992103,0.15049638650164832
506,1378,0.14906022392198687,0.18071294940517796,0.14906022392198692
506,1594,0.14892082177481494,0.18011405525709448,0.14892082177481492
506,1453,0.14765108648277656,0.19840016867175647,0.14765108648277658
506,1598,0.14759292048426348,0.18701152718131636,0.14759292048426342
506,1954,0.1472456342540948,0.18210680021726866,0.14724563425409476
506,2272,0.14721278157796475,0.18936626028914558,0.1472127815779647
506,1946,0.14694295302064259,0.18158062951295947,0.14694295302064253
506,1958,0.14694295302064259,0.18158062951295947,0.14694295302064253
506,1956,0.14662306588884966,0.18158062951295947,0.14662306588884966
506,1951,0.14655707816262614,0.18158062951295947,0.1465570781626262
506,1677,0.1463678417282843,0.22932092151054623,0.14636784172828432
506,1944,0.14615314252016215,0.18158062951295947,0.1461531425201621
506,1952,0.1461125500854003,0.18158062951295947,0.14611255008540036
506,1957,0.1461042231890941,0.18144217685881148,0.1461042231890941
506,1945,0.14601795464947384,0.18144217685881148,0.14601795464947387
506,1948,0.1459341516164397,0.18158062951295947,0.14593415161643963
506,1953,0.1459341516164397,0.18158062951295947,0.14593415161643963
506,1947,0.1458842764422184,0.18144217685881148,0.14588427644221835
506,1955,0.14583884124067487,0.18144217685881148,0.1458388412406748
506,1941,0.14569482386722268,0.18158062951295947,0.14569482386722266
506,1942,0.14569482386722268,0.18158062951295947,0.14569482386722266
506,1943,0.14569482386722268,0.18158062951295947,0.14569482386722266
506,1949,0.14569482386722268,0.18158062951295947,0.14569482386722266
506,1950,0.14569482386722268,0.18158062951295947,0.14569482386722266
506,1549,0.14386726098422845,0.18991699323318628,0.14386726098422842
506,2270,0.14189528031710924,0.1765119379463148,0.14189528031710918
506,2105,0.13899820170450392,0.17576884445754468,0.13899820170450394
506,1431,0.13861275643483256,0.2657662524780838,0.1386127564348325
506,1389,0.1370884692774149,0.1881162831768034,0.13708846927741491
506,1760,0.13599880283489535,0.22542559063846443,0.1359988028348953
506,2326,0.1351549009919408,0.2207998276853651,0.13515490099194083
506,1423,0.13363571246639985,0.25244720384714375,0.13363571246639983
518,1688,0.33357126704544676,0.3520553359346803,0.3335712670454467
518,1748,0.25406808751958526,0.23982947699552215,0.2540680875195853
518,1520,0.2408001744913784,0.2987375929252367,0.24080017449137836
518,1516,0.23504963735392,0.21744709193447903,0.23504963735392004
518,1539,0.22475803576692194,0.23141000904764492,0.22475803576692188
518,1535,0.2246591665811974,0.2315937393317511,0.22465916658119744
518,1736,0.2176628215545856,0.25928000449501676,0.2176628215545856
518,1602,0.2167402479244804,0.23591291424109473,0.21674024792448043
518,2350,0.21384374066870732,0.2262836787877318,0.21384374066870726
518,1455,0.20977957669987438,0.16809667967868158,0.20977957669987435
518,2431,0.20103649571740212,0.19033945449713968,0.20103649571740212
518,2434,0.20028789700669553,0.19026857776614123,0.20028789700669547
518,1855,0.19685268763334524,0.16876133394089965,0.19685268763334518
518,2442,0.19614907072462698,0.19133925206831023,0.19614907072462695
518,2280,0.19383125869543366,0.17899842995817297,0.1938312586954336
518,2433,0.1933207850110667,0.178639345022928,0.19332078501106675
518,2321,0.19212676263598422,0.21653896631433703,0.19212676263598416
518,1541,0.1874702687519848,0.1772587151266146,0.1874702687519848
518,1915,0.18658466028289758,0.17981936198389656,0.18658466028289755
518,2444,0.1860235700946132,0.17762380883848097,0.18602357009461323
518,1378,0.18538066275320417,0.17115846439010426,0.1853806627532042
518,1512,0.17887653105882714,0.18678240481052763,0.17887653105882717
518,1694,0.17400279381355618,0.17816541239009756,0.1740027938135562
518,1346,0.173708635483445,0.23398609900072465,0.17370863548344495
518,2281,0.17317576250011144,0.19650860945768464,0.17317576250011146
518,2328,0.17197831717342263,0.19226756608820847,0.1719783171734226
518,1361,0.16636691161840994,0.1711368619074858,0.16636691161840989
518,1240,0.16512106321859327,0.23830182661906432,0.16512106321859332
518,1376,0.1640368016034414,0.17262647033913278,0.16403680160344136
518,1111,0.16242451832153532,0.18927210561555613,0.16242451832153537
518,2394,0.162361267639215,0.2048885936694791,0.162361267639215
518,1253,0.16114433077255022,0.1691871182022628,0.1611443307725502
518,2216,0.16083243012726786,0.18473347782128155,0.1608324301272679
518,1743,0.15945585701831172,0.2157171817006828,0.15945585701831178
518,2340,0.15908079593455796,0.20940937637265078,0.15908079593455793
518,2441,0.1547381919775987,0.17554385431671127,0.15473819197759875
518,2381,0.15152924188476152,0.1699232032302784,0.15152924188476158
518,2079,0.15060001323345937,0.18144781548058964,0.1506000132334594
518,2101,0.15060001323345937,0.18144781548058964,0.1506000132334594
518,1399,0.1504802095372808,0.22133343559096258,0.1504802095372808
518,280,0.14710046828961626,0.22294775806285402,0.1471004682896162
518,1674,0.14655087087209617,0.1898481515853877,0.14655087087209617
518,1741,0.14579795369349854,0.2788266167823998,0.14579795369349857
518,239,0.14564324998115516,0.18718275001186227,0.1456432499811552
518,2041,0.14449931471124108,0.19368957887425345,0.1444993147112411
518,1692,0.14425754728479287,0.16975499595957286,0.1442575472847929
518,583,0.1417666964176906,0.1927548337298102,0.14176669641769057
518,721,0.13934579997596505,0.19073843790207756,0.13934579997596508
518,1014,0.1379534235319775,0.17210253011590196,0.13795342353197748
518,2316,0.13722757022090926,0.2082931954931342,0.13722757022090926
518,1230,0.13703215825644782,0.21974253432305474,0.13703215825644777
518,998,0.13646866612438668,0.19185067192802657,0.13646866612438668
518,1655,0.13499469017878296,0.17148296360690043,0.13499469017878296
518,1299,0.13465145904081716,0.23756241199877187,0.1346514590408172
518,799,0.13405502153218948,0.19744585323825536,0.1340550215321895
518,1971,0.13299600260145333,0.1889023036800374,0.1329960026014534
518,1732,0.13209714894446306,0.19416202797356497,0.13209714894446312
508,1821,0.23960530717000736,0.2138140459064075,0.2396053071700074
508,1771,0.20808657061769922,0.2256605936216231,0.2080865706176992
508,1809,0.20398272655881552,0.26453368052443765,0.20398272655881555
508,1511,0.20349317446267515,0.26886690839469046,0.20349317446267512
508,1745,0.19491902147093537,0.26591942113020356,0.19491902147093532
508,1770,0.19338702000121902,0.23917207862933254,0.193387020001219
508,1249,0.18533853575250617,0.21292799080635044,0.18533853575250614
508,1807,0.1827211235773841,0.23482610440125792,0.18272112357738413
508,997,0.18158993090887812,0.25756860732584225,0.1815899309088781
508,2393,0.17996678637645233,0.21563792626913691,0.17996678637645236
508,875,0.16787891121319862,0.2377611730787899,0.16787891121319864
508,109,0.1666086337649099,0.2739195161330931,0.16660863376490986
508,737,0.16625930952305915,0.2416632738502852,0.16625930952305912
508,305,0.16599805419867875,0.2792132799175239,0.16599805419867875
508,1805,0.1630562649814631,0.21783968167591192,0.16305626498146308
508,1105,0.16126940632392325,0.22792167980166064,0.16126940632392328
508,1598,0.15789705779086474,0.22983977714396192,0.15789705779086471
508,2353,0.15779234845831536,0.2381458697253895,0.15779234845831536
508,620,0.15650651379256136,0.21424207097676823,0.15650651379256142
508,1594,0.1548598305981987,0.21295642549704152,0.15485983059819874
508,541,0.15477889628008965,0.22727696232895428,0.15477889628008967
508,715,0.15387861694202257,0.2236863569585366,0.15387861694202254
508,933,0.15293738679938365,0.24324371478052365,0.15293738679938362
508,1689,0.15167793264657595,0.22173056508426975,0.15167793264657592
508,1692,0.1513025363496242,0.23509699752134428,0.1513025363496242
508,120,0.15097456865530626,0.2565304327277306,0.15097456865530623
508,802,0.150888003044464,0.23824718684110918,0.15088800304446404
508,1895,0.1507919197574521,0.258516431046118,0.1507919197574521
508,49,0.14950114139961365,0.22864200140294189,0.14950114139961368
508,425,0.14632341781315608,0.22461866079522994,0.14632341781315605
508,836,0.1459256333551607,0.23629848623076263,0.14592563335516073
508,1359,0.14570171892143322,0.21376427682017934,0.14570171892143324
508,1149,0.14561078143544565,0.23667931929849897,0.1456107814354457
508,534,0.1435894567161079,0.21752985172114567,0.1435894567161079
508,765,0.14296223042226985,0.21535889469754646,0.14296223042226985
508,213,0.14219149061268616,0.21958202013360933,0.1421914906126862
508,318,0.1416318546320594,0.21502045264307604,0.1416318546320594
508,1347,0.14085652022123854,0.21818350114644444,0.1408565202212385
508,1367,0.14077987013361495,0.2327334635952671,0.14077987013361493
508,1656,0.14065546753367345,0.2506019558901153,0.14065546753367342
508,97,0.1404648762364006,0.2309702086356708,0.14046487623640058
508,487,0.1402360973844334,0.23351444934157567,0.14023609738443343
508,1395,0.14013900222106973,0.26053913979397936,0.14013900222106979
508,376,0.13945401722325768,0.2150593082502919,0.13945401722325768
508,444,0.13895194175941689,0.21674872204241086,0.13895194175941694
508,1987,0.1377279789817192,0.21229432141578564,0.13772797898171918
508,232,0.13591340988066158,0.2134977551032329,0.13591340988066158
508,545,0.13500365063475062,0.2195820201336093,0.13500365063475062
508,41,0.1340625371670397,0.21149942552772408,0.13406253716703964
508,1995,0.13376741829222447,0.22522169451301272,0.1337674182922245
508,1759,0.13259498038944528,0.22173222649293153,0.13259498038944528
508,814,0.1323745251597671,0.21778158668201295,0.1323745251597671
2,1821,0.1926978051380438,0.17527294950106112,0.1926978051380438
2,1745,0.16412048769618545,0.22181106195389666,0.16412048769618548
2,1222,0.1523694994923353,0.22064317668503688,0.15236949949233525
2,1305,0.14462254857442516,0.19832137243624323,0.14462254857442514
2,1437,0.1439712414216485,0.1898183500630982,0.14397124142164852
2,1264,0.1412911580714905,0.19832137243624323,0.1412911580714905
2,1303,0.14009440072561702,0.19832137243624323,0.14009440072561707
2,1263,0.13987082951626784,0.19832137243624323,0.13987082951626784
2,1258,0.1112151084584796,0.1742187709180303,0.1112151084584796
2,1249,0.10818347719623699,0.15592733684422808,0.108183477196237
2,2393,0.10719876385295384,0.1669800285335029,0.1071987638529538
2,1759,0.10656160531865999,0.20513286035709133,0.10656160531865999
2,1347,0.10609899225294642,0.18395791465607003,0.10609899225294639
2,2372,0.10532117895472236,0.2022722180327827,0.10532117895472237
2,2134,0.10516479596589695,0.15692187410051997,0.105164795965897
2,2034,0.10363239990580457,0.1822281351702945,0.10363239990580453
2,1511,0.10212395750586509,0.16622138809952208,0.10212395750586512
2,1200,0.10045220598072478,0.15224770447726477,0.1004522059807248
2,2340,0.09711734059771977,0.15730942267897563,0.09711734059771981
2,1689,0.0943782114466513,0.1578524685603932,0.09437821144665126
2,1895,0.09326303560331729,0.17177906610860946,0.09326303560331728
2,406,0.09194307082459505,0.15678681139726627,0.09194307082459507
2,161,0.09002639588564401,0.1520771247585545,0.09002639588564398
2,1692,0.08692832975928093,0.16378039026033872,0.08692832975928089
2,1537,0.08642903927546863,0.1576734154531524,0.08642903927546863
2,1395,0.0853089449298074,0.19118569235995778,0.08530894492980745
2,1665,0.08454693703615516,0.2012393123901072,0.08454693703615512
2,1594,0.08452855909507374,0.15379656629716484,0.08452855909507373
2,1259,0.08437205615047406,0.15226716433185508,0.08437205615047405
2,694,0.08348438506046657,0.15929555967526182,0.08348438506046651
2,2295,0.0826685326419186,0.1648361920775057,0.08266853264191865
2,1598,0.08248782878655546,0.1658147297723801,0.08248782878655547
2,1224,0.0819934491758958,0.15890652514012663,0.0819934491758958
2,1995,0.08170662226582318,0.17144437348155506,0.08170662226582315
2,2237,0.08160142051501755,0.15013179157140508,0.08160142051501751
2,109,0.08049136403804344,0.17812159477099546,0.08049136403804347
2,854,0.07915424397589653,0.17078886285663733,0.07915424397589654
2,1525,0.07885476698608579,0.15867446080443764,0.07885476698608573
2,1992,0.0783434792258277,0.15867712336736414,0.07834347922582774
2,1202,0.07787944045845496,0.16762774282102266,0.07787944045845496
2,1304,0.0776736095013619,0.1565454150856648,0.07767360950136193
2,1656,0.07717701806099625,0.18499537517343026,0.0771770180609963
3,2262,0.2326604674455453,0.1881781815172631,0.23266046744554525
3,2048,0.21568810347574627,0.18059434295695062,0.2156881034757463
3,1544,0.18655534044815725,0.18482844908789986,0.18655534044815725
3,1258,0.1837586609875167,0.21815713917409985,0.1837586609875167
3,2034,0.17526449030875452,0.2109457267051969,0.17526449030875457
3,2393,0.1736029881688355,0.1692655753743042,0.17360298816883546
3,1821,0.1687878339831359,0.1553501055340297,0.1687878339831359
3,2096,0.15435996504586996,0.15930036120906188,0.15435996504587002
3,2437,0.15230902363119592,0.19403474386534658,0.15230902363119592
3,1347,0.15205574033689168,0.21229488956063342,0.15205574033689162
3,858,0.150566429463286,0.17065788935661363,0.15056642946328602
3,1648,0.14573165684734143,0.2189237161016825,0.14573165684734146
3,1604,0.1417437351800845,0.18066638821295,0.14174373518008454
3,1739,0.1391260089427182,0.15842149677210587,0.1391260089427182
3,658,0.13829663641153653,0.1776965450672183,0.13829663641153656
3,421,0.13820120439887326,0.18351312668919154,0.1382012043988733
3,1333,0.13692114103408684,0.1562708513616988,0.1369211410340868
3,51,0.1324860057943583,0.15152773035886893,0.13248600579435832
3,516,0.1318301921905353,0.17098858021437496,0.13183019219053527
3,2237,0.13167307555281454,0.1574270164268479,0.1316730755528146
3,1289,0.1308277704972099,0.23748413918663183,0.13082777049720984
3,1759,0.12880051709961318,0.1866133821666944,0.12880051709961315
3,2,0.12866080616879075,0.15996103784276544,0.12866080616879072
3,1689,0.12760549378710412,0.16088666310920072,0.12760549378710406
3,1923,0.12568891766603765,0.162309355616647,0.12568891766603763
3,660,0.12156086118433707,0.15896123991096014,0.12156086118433707
3,1745,0.12149099255820058,0.19684548358553414,0.12149099255820062
3,1977,0.12054563694506633,0.17683772189990682,0.12054563694506637
3,1692,0.12004776577873363,0.16372335005045513,0.12004776577873366
3,1161,0.11783569502735669,0.1521149255227357,0.11783569502735669
3,1163,0.11771336451292079,0.15681311504729856,0.1177133645129208
3,1974,0.11756884250406306,0.17611293411342918,0.11756884250406308
3,965,0.11730129187028136,0.16622521690579248,0.11730129187028138
3,571,0.11670889763692001,0.16221401020674803,0.11670889763692005
3,1474,0.11466715561185158,0.181790848077942,0.11466715561185159
3,1620,0.11418579401584714,0.1642238060217884,0.11418579401584716
3,2426,0.11395849130172456,0.1763229775052731,0.11395849130172453
3,2427,0.11323607312564136,0.17612738900635452,0.11323607312564132
3,1079,0.11309875325970985,0.1680132464593256,0.11309875325970986
3,1967,0.11303200372003325,0.17593244994384627,0.11303200372003319
4,2400,0.11203813584271244,0.2005706446790261,0.1120381358427125
4,2415,0.09757367778116102,0.17588474052804534,0.097573677781161
4,1253,0.08882286448726674,0.18079612523712568,0.08882286448726673
4,1376,0.08683883635576789,0.18051232604501966,0.08683883635576795
4,2011,0.08582560013084885,0.3397497201701051,0.08582560013084883
4,1689,0.08431385862369169,0.1617928746561766,0.08431385862369167
4,1598,0.07720974205671344,0.18334475507695994,0.07720974205671349
4,1576,0.07599590772189588,0.16669703111622128,0.0759959077218959
4,1407,0.0756098431861982,0.24292294339934392,0.07560984318619823
4,1449,0.07445235712030589,0.19689713232573344,0.07445235712030585
4,1550,0.07445235712030589,0.19689713232573344,0.07445235712030585
4,1391,0.0740520697065453,0.2083959883626739,0.07405206970654532
4,1506,0.0738553730349973,0.18768949488629105,0.07385537303499734
4,64,0.07280793217951746,0.2102344721102816,0.07280793217951742
4,2015,0.0723662269386566,0.22530707312117296,0.07236622693865657
4,1992,0.07230241345682879,0.18837536028427146,0.07230241345682875
4,2032,0.07148908575723725,0.2184806451658946,0.07148908575723723
4,2068,0.0704090583663757,0.16607772316073838,0.07040905836637568
4,1297,0.0699932853613178,0.16802170251787954,0.06999328536131777
4,2133,0.06985115389507401,0.21378463018653834,0.06985115389507401
4,1225,0.06981352534811078,0.16802170251787954,0.0698135253481108
4,2300,0.06961311717462364,0.19152487352887557,0.0696131171746236
4,1346,0.06882875405171171,0.22110563930491406,0.06882875405171174
4,645,0.0663689744348815,0.18885337744532543,0.06636897443488154
4,1256,0.0654999769759369,0.1803168980406522,0.0654999769759369
4,1343,0.06489388991956631,0.2785559054080083,0.06489388991956635
4,848,0.06435847036184326,0.16638872834657265,0.06435847036184328
4,124,0.06406084887010477,0.17850411370807834,0.06406084887010477
4,755,0.06368844809258338,0.1899024775798243,0.06368844809258334
4,1395,0.06306118538678648,0.17510376140292894,0.06306118538678651
4,2383,0.06200954303524187,0.16899313347319414,0.062009543035241865
4,1988,0.06190489409675007,0.17286266819683396,0.06190489409675004
4,1166,0.061885595695084526,0.185867666116968,0.06188559569508456
4,1731,0.06173970816044314,0.20992392201474808,0.06173970816044316
4,52,0.06044407593510038,0.21402567681843213,0.06044407593510037
4,2003,0.06001809392682824,0.2834398690377372,0.06001809392682822
4,2338,0.059875476032000115,0.18179083908868898,0.05987547603200016
4,139,0.059642769909402545,0.19621884063626283,0.05964276990940254
4,613,0.05935253041655618,0.20424845537689676,0.05935253041655619
4,2225,0.059231678155822996,0.16230922644689214,0.059231678155822975
4,1995,0.05920896181503567,0.16670252052674941,0.059208961815035654
4,572,0.05857443548805423,0.18103000899202246,0.05857443548805419
5,1495,0.19584427837326077,0.20235195781525112,0.1958442783732608
5,1763,0.18674110325555873,0.12082060427027407,0.1867411032555587
5,1825,0.1289673636984631,0.10328014929413015,0.12896736369846307
5,1899,0.1049297585502142,0.10409320229470409,0.10492975855021425
5,1513,0.10159163904473432,0.09100153611889464,0.10159163904473434
5,2198,0.09072966923631341,0.13866766231173888,0.09072966923631343
5,1220,0.08937381189213714,0.1228155563794871,0.08937381189213711
5,236,0.062249780888103054,0.10451490688928272,0.06224978088810307
5,2216,0.0612691089271228,0.1165847970013311,0.061269108927122784
5,1450,0.059323890054347114,0.1008712554448004,0.05932389005434713
5,1883,0.057136506094042284,0.08477801327666051,0.057136506094042305
5,1882,0.05713459290862112,0.08477801327666051,0.05713459290862111
5,1880,0.057132832498855736,0.08477801327666051,0.0571328324988557
5,1884,0.057132832498855736,0.08477801327666051,0.0571328324988557
5,2219,0.057132423799003615,0.08477801327666051,0.05713242379900363
5,1881,0.05712345504794572,0.08477801327666051,0.05712345504794569
5,1885,0.05711576794994864,0.08477801327666051,0.05711576794994866
5,1879,0.05710740196147513,0.0847614145465402,0.057107401961475124
5,1383,0.05663477130568977,0.10357807262544574,0.056634771305689724
5,1103,0.05216582562375224,0.08632206622970619,0.05216582562375227
5,1782,0.048833472475776143,0.0847370693229725,0.048833472475776185
5,1736,0.04620526932657492,0.09299207927201704,0.04620526932657487
5,1689,0.04571152559833852,0.08326061729875366,0.045711525598338465
