user_id,JobID,score_TFIDF,score_CV,score_KNN,score_BERT,Final
1,2350,0.1852724099437811,0.2209282844883918,0.1852724099437811,0.5446555,0.5446555
1,1688,0.2920576283701815,0.3246297693620742,0.2920576283701815,0.51124585,0.51124585
1,2444,0.1773381356246928,0.179961766519385,0.1773381356246928,0.48606837,0.48606837
1,1743,0.1248774568006425,0.1753992123424922,0.1248774568006425,0.48476022,0.48476022
1,2321,0.1526681466770081,0.1903094815816941,0.1526681466770081,0.46848318,0.46848318
1,1915,0.189235976679682,0.1812563376400159,0.189235976679682,0.46727002,0.46727002
1,1748,0.2371796597402051,0.2291675861028334,0.2371796597402051,0.45301655,0.45301655
1,1674,0.1438185287582551,0.1872582012457196,0.1438185287582551,0.4393872,0.4393872
1,2433,0.206066643207412,0.177399995887323,0.206066643207412,0.4318909,0.4318909
1,1736,0.1721541676649178,0.2260714477630603,0.1721541676649178,0.42962736,0.42962736
1,1830,0.1322380228957823,0.2077940073591457,0.1322380228957823,0.4287691,0.4287691
1,2434,0.1789672347963004,0.1921070404985207,0.1789672347963005,0.41696966,0.41696966
1,1512,0.1662150735915886,0.1731361405533502,0.1662150735915886,0.41397965,0.41397965
1,2041,0.1278597783039571,0.170200716483789,0.1278597783039571,0.41267413,0.41267413
1,1747,0.140629015717215,0.1781995217882391,0.1406290157172149,0.40565252,0.40565252
1,2431,0.1796361451160426,0.1921786020731758,0.1796361451160426,0.40500513,0.40500513
1,2441,0.1564865933768214,0.1703038602388716,0.1564865933768214,0.4043749,0.4043749
1,2280,0.20709127359071,0.1838250344469581,0.20709127359071,0.40210074,0.40210074
1,1694,0.1736313239482011,0.1690621548394675,0.1736313239482011,0.4020251,0.4020251
1,1602,0.2004420182739651,0.2213411541783432,0.2004420182739651,0.40021333,0.40021333
1,1855,0.1997481664541988,0.1654791278960937,0.1997481664541988,0.398046,0.398046
1,1230,0.1286450894659621,0.2135166151978042,0.1286450894659621,0.39646024,0.39646024
1,1111,0.1608423465502239,0.2030152216500525,0.1608423465502239,0.39547276,0.39547276
1,2384,0.1657005374704239,0.2143001703626931,0.1657005374704239,0.3876961,0.3876961
1,758,0.1294676224645528,0.1708640427592785,0.1294676224645528,0.37565178,0.37565178
1,2438,0.1490990577619969,0.1745145812302781,0.1490990577619969,0.37209773,0.37209773
1,1399,0.1745709528812757,0.233547892765641,0.1745709528812757,0.36622697,0.36622697
1,1325,0.1377008548610758,0.1798216367835259,0.1377008548610758,0.36547774,0.36547774
1,1567,0.1389453199534049,0.1621731311457284,0.1389453199534049,0.36145324,0.36145324
1,1719,0.1435496751873772,0.1938173471599079,0.1435496751873772,0.36077017,0.36077017
1,2442,0.1783286631886005,0.1736661562387427,0.1783286631886005,0.35898986,0.35898986
1,1240,0.1681189688229871,0.2350469562572477,0.1681189688229871,0.3539582,0.3539582
1,2079,0.1721482175886784,0.2011227831960543,0.1721482175886783,0.35367766,0.35367766
1,2101,0.1721482175886784,0.2011227831960543,0.1721482175886783,0.35367766,0.35367766
1,1516,0.2194853819530559,0.2024624995531929,0.2194853819530559,0.34202558,0.34202558
1,1408,0.1601744871494178,0.1803514984411359,0.1601744871494177,0.34195697,0.34195697
1,2381,0.1368109010978163,0.1641415006525935,0.1368109010978162,0.33478633,0.33478633
1,583,0.1404140133054375,0.2109957801265957,0.1404140133054374,0.33316082,0.33316082
1,95,0.1283888947485112,0.1748396797271491,0.1283888947485112,0.33112273,0.33112273
1,1520,0.2031153991958871,0.271725923745559,0.2031153991958871,0.33061993,0.33061993
1,1376,0.1816065990574768,0.1800498145984371,0.1816065990574769,0.32851648,0.32851648
1,1253,0.1749609316312983,0.1757001254980353,0.1749609316312983,0.3266673,0.3266673
1,280,0.1432606314955817,0.2316295618219824,0.1432606314955816,0.32467446,0.32467446
1,1346,0.1484873235592556,0.2086645976179038,0.1484873235592556,0.32263756,0.32263756
1,721,0.1374890826934718,0.1965666667108681,0.1374890826934718,0.3204744,0.3204744
1,2216,0.1780067713006949,0.1768202734923033,0.1780067713006949,0.32022947,0.32022947
1,2328,0.1693452146255528,0.1795018424836532,0.1693452146255528,0.31456804,0.31456804
1,1243,0.1248663730979742,0.1924950738130736,0.1248663730979742,0.297696,0.297696
1,1539,0.239965846241829,0.2437972207743103,0.239965846241829,0.29020017,0.29020017
1,1535,0.239777071216574,0.2438868285095508,0.2397770712165741,0.28774613,0.28774613
1,1523,0.1823545316130765,0.1639932930900345,0.1823545316130765,0.28157407,0.28157407
1,104,0.1265282360941531,0.1841200134324389,0.1265282360941532,0.27430493,0.27430493
1,239,0.1369788411075349,0.198558865264387,0.136978841107535,0.2728359,0.2728359
1,1378,0.1925598526564308,0.1789715517291015,0.1925598526564308,0.25403517,0.25403517
2,1264,0.1412911580714905,0.1983213724362432,0.1412911580714905,0.5197706,0.5197706
2,1222,0.1523694994923353,0.2206431766850368,0.1523694994923352,0.5148145,0.5148145
2,1305,0.1446225485744251,0.1983213724362432,0.1446225485744251,0.51251334,0.51251334
2,1303,0.140094400725617,0.1983213724362432,0.140094400725617,0.5086117,0.5086117
2,1395,0.0853089449298074,0.1911856923599577,0.0853089449298074,0.5073235,0.5073235
2,1263,0.1398708295162678,0.1983213724362432,0.1398708295162678,0.5039001,0.5039001
2,1304,0.0776736095013619,0.1565454150856648,0.0776736095013619,0.5004901,0.5004901
2,1249,0.1081834771962369,0.155927336844228,0.108183477196237,0.49182165,0.49182165
2,2393,0.1071987638529538,0.1669800285335029,0.1071987638529538,0.47539076,0.47539076
2,1656,0.0771770180609962,0.1849953751734302,0.0771770180609963,0.46370065,0.46370065
2,1258,0.1112151084584796,0.1742187709180303,0.1112151084584796,0.46156925,0.46156925
2,1537,0.0864290392754686,0.1576734154531524,0.0864290392754686,0.45807338,0.45807338
2,1437,0.1439712414216485,0.1898183500630982,0.1439712414216485,0.44958717,0.44958717
2,2372,0.1053211789547223,0.2022722180327827,0.1053211789547223,0.43195802,0.43195802
2,2295,0.0826685326419186,0.1648361920775057,0.0826685326419186,0.42561212,0.42561212
2,1895,0.0932630356033172,0.1717790661086094,0.0932630356033172,0.42040643,0.42040643
2,406,0.091943070824595,0.1567868113972662,0.091943070824595,0.41736645,0.41736645
2,1821,0.1926978051380438,0.1752729495010611,0.1926978051380438,0.41620553,0.41620553
2,1665,0.0845469370361551,0.2012393123901072,0.0845469370361551,0.4132163,0.4132163
2,854,0.0791542439758965,0.1707888628566373,0.0791542439758965,0.41126963,0.41126963
2,2340,0.0971173405977197,0.1573094226789756,0.0971173405977198,0.40958655,0.40958655
2,1598,0.0824878287865554,0.1658147297723801,0.0824878287865554,0.4055762,0.4055762
2,1259,0.084372056150474,0.152267164331855,0.084372056150474,0.3967725,0.3967725
2,2034,0.1036323999058045,0.1822281351702945,0.1036323999058045,0.39399904,0.39399904
2,1525,0.0788547669860857,0.1586744608044376,0.0788547669860857,0.39030302,0.39030302
2,1511,0.102123957505865,0.166221388099522,0.1021239575058651,0.3869059,0.3869059
2,1745,0.1641204876961854,0.2218110619538966,0.1641204876961854,0.38331142,0.38331142
2,1202,0.0778794404584549,0.1676277428210226,0.0778794404584549,0.38166606,0.38166606
2,1594,0.0845285590950737,0.1537965662971648,0.0845285590950737,0.38150752,0.38150752
2,1224,0.0819934491758958,0.1589065251401266,0.0819934491758958,0.37955135,0.37955135
2,1759,0.1065616053186599,0.2051328603570913,0.1065616053186599,0.37855792,0.37855792
2,1200,0.1004522059807247,0.1522477044772647,0.1004522059807248,0.3759578,0.3759578
2,694,0.0834843850604665,0.1592955596752618,0.0834843850604665,0.3740656,0.3740656
2,2237,0.0816014205150175,0.150131791571405,0.0816014205150175,0.3684116,0.3684116
2,161,0.090026395885644,0.1520771247585545,0.0900263958856439,0.36018753,0.36018753
2,1992,0.0783434792258277,0.1586771233673641,0.0783434792258277,0.35823184,0.35823184
2,2134,0.1051647959658969,0.1569218741005199,0.105164795965897,0.35342842,0.35342842
2,1995,0.0817066222658231,0.171444373481555,0.0817066222658231,0.3339486,0.3339486
2,1347,0.1060989922529464,0.18395791465607,0.1060989922529463,0.3324006,0.3324006
2,1689,0.0943782114466513,0.1578524685603932,0.0943782114466512,0.31986147,0.31986147
2,109,0.0804913640380434,0.1781215947709954,0.0804913640380434,0.31280833,0.31280833
2,1692,0.0869283297592809,0.1637803902603387,0.0869283297592808,0.30338168,0.30338168
3,1333,0.1369211410340868,0.1562708513616988,0.1369211410340868,0.4767831,0.4767831
3,1258,0.1837586609875167,0.2181571391740998,0.1837586609875167,0.41510645,0.41510645
3,1739,0.1391260089427182,0.1584214967721058,0.1391260089427182,0.40380704,0.40380704
3,1079,0.1130987532597098,0.1680132464593256,0.1130987532597098,0.3978167,0.3978167
3,1648,0.1457316568473414,0.2189237161016825,0.1457316568473414,0.3597843,0.3597843
3,858,0.150566429463286,0.1706578893566136,0.150566429463286,0.3487214,0.3487214
3,2048,0.2156881034757462,0.1805943429569506,0.2156881034757463,0.34783915,0.34783915
3,1163,0.1177133645129207,0.1568131150472985,0.1177133645129208,0.34718913,0.34718913
3,1604,0.1417437351800845,0.18066638821295,0.1417437351800845,0.3433858,0.3433858
3,1289,0.1308277704972099,0.2374841391866318,0.1308277704972098,0.33337843,0.33337843
3,1821,0.1687878339831359,0.1553501055340297,0.1687878339831359,0.3311395,0.3311395
3,516,0.1318301921905353,0.1709885802143749,0.1318301921905352,0.3196844,0.3196844
3,2096,0.1543599650458699,0.1593003612090618,0.15435996504587,0.3176625,0.3176625
3,660,0.121560861184337,0.1589612399109601,0.121560861184337,0.3065722,0.3065722
3,1474,0.1146671556118515,0.181790848077942,0.1146671556118515,0.30162507,0.30162507
3,1967,0.1130320037200332,0.1759324499438462,0.1130320037200331,0.29064596,0.29064596
3,2426,0.1139584913017245,0.1763229775052731,0.1139584913017245,0.2862911,0.2862911
3,2237,0.1316730755528145,0.1574270164268479,0.1316730755528146,0.28624862,0.28624862
3,2393,0.1736029881688355,0.1692655753743042,0.1736029881688354,0.28618708,0.28618708
3,51,0.1324860057943583,0.1515277303588689,0.1324860057943583,0.2856279,0.2856279
3,2427,0.1132360731256413,0.1761273890063545,0.1132360731256413,0.2836209,0.2836209
3,1347,0.1520557403368916,0.2122948895606334,0.1520557403368916,0.28276718,0.28276718
3,2034,0.1752644903087545,0.2109457267051969,0.1752644903087545,0.28041738,0.28041738
3,1692,0.1200477657787336,0.1637233500504551,0.1200477657787336,0.27630398,0.27630398
3,1977,0.1205456369450663,0.1768377218999068,0.1205456369450663,0.2723435,0.2723435
3,1974,0.117568842504063,0.1761129341134291,0.117568842504063,0.27161556,0.27161556
3,421,0.1382012043988732,0.1835131266891915,0.1382012043988733,0.26419386,0.26419386
3,1544,0.1865553404481572,0.1848284490878998,0.1865553404481572,0.25214207,0.25214207
3,2262,0.2326604674455453,0.1881781815172631,0.2326604674455452,0.24978995,0.24978995
3,2,0.1286608061687907,0.1599610378427654,0.1286608061687907,0.24929577,0.24929577
3,1161,0.1178356950273566,0.1521149255227357,0.1178356950273566,0.24052964,0.24052964
3,965,0.1173012918702813,0.1662252169057924,0.1173012918702813,0.23908406,0.23908406
3,1689,0.1276054937871041,0.1608866631092007,0.127605493787104,0.23807876,0.23807876
3,1745,0.1214909925582005,0.1968454835855341,0.1214909925582006,0.2342295,0.2342295
3,658,0.1382966364115365,0.1776965450672183,0.1382966364115365,0.23374788,0.23374788
3,1620,0.1141857940158471,0.1642238060217884,0.1141857940158471,0.20996386,0.20996386
3,1923,0.1256889176660376,0.162309355616647,0.1256889176660376,0.20899202,0.20899202
3,1759,0.1288005170996131,0.1866133821666944,0.1288005170996131,0.20323837,0.20323837
3,2437,0.1523090236311959,0.1940347438653465,0.1523090236311959,0.19243568,0.19243568
3,571,0.11670889763692,0.162214010206748,0.11670889763692,0.14326447,0.14326447
4,1391,0.0740520697065453,0.2083959883626739,0.0740520697065453,0.47249055,0.47249055
4,1395,0.0630611853867864,0.1751037614029289,0.0630611853867865,0.43600005,0.43600005
4,2225,0.0592316781558229,0.1623092264468921,0.0592316781558229,0.3840328,0.3840328
4,1407,0.0756098431861982,0.2429229433993439,0.0756098431861982,0.38189536,0.38189536
4,2011,0.0858256001308488,0.3397497201701051,0.0858256001308488,0.38079518,0.38079518
4,2032,0.0714890857572372,0.2184806451658946,0.0714890857572372,0.37476635,0.37476635
4,1343,0.0648938899195663,0.2785559054080083,0.0648938899195663,0.37425125,0.37425125
4,1992,0.0723024134568287,0.1883753602842714,0.0723024134568287,0.36888003,0.36888003
4,848,0.0643584703618432,0.1663887283465726,0.0643584703618432,0.36730647,0.36730647
4,1731,0.0617397081604431,0.209923922014748,0.0617397081604431,0.3638754,0.3638754
4,2400,0.1120381358427124,0.2005706446790261,0.1120381358427125,0.363432,0.363432
4,2338,0.0598754760320001,0.1817908390886889,0.0598754760320001,0.3580826,0.3580826
4,2383,0.0620095430352418,0.1689931334731941,0.0620095430352418,0.3551605,0.3551605
4,1988,0.06190489409675,0.1728626681968339,0.06190489409675,0.3550474,0.3550474
4,2015,0.0723662269386566,0.2253070731211729,0.0723662269386565,0.34383416,0.34383416
4,1376,0.0868388363557678,0.1805123260450196,0.0868388363557679,0.3367691,0.3367691
4,2133,0.069851153895074,0.2137846301865383,0.069851153895074,0.33490217,0.33490217
4,1253,0.0888228644872667,0.1807961252371256,0.0888228644872667,0.33277404,0.33277404
4,1995,0.0592089618150356,0.1667025205267494,0.0592089618150356,0.32461044,0.32461044
4,1225,0.0698135253481107,0.1680217025178795,0.0698135253481108,0.3238168,0.3238168
4,613,0.0593525304165561,0.2042484553768967,0.0593525304165561,0.30297202,0.30297202
4,1166,0.0618855956950845,0.185867666116968,0.0618855956950845,0.29657358,0.29657358
4,572,0.0585744354880542,0.1810300089920224,0.0585744354880541,0.29115507,0.29115507
4,2300,0.0696131171746236,0.1915248735288755,0.0696131171746236,0.28661978,0.28661978
4,1576,0.0759959077218958,0.1666970311162212,0.0759959077218959,0.27887413,0.27887413
4,2068,0.0704090583663757,0.1660777231607383,0.0704090583663756,0.27325314,0.27325314
4,2003,0.0600180939268282,0.2834398690377372,0.0600180939268282,0.26561332,0.26561332
4,1449,0.0744523571203058,0.1968971323257334,0.0744523571203058,0.2648252,0.2648252
4,1689,0.0843138586236916,0.1617928746561766,0.0843138586236916,0.25850102,0.25850102
4,1550,0.0744523571203058,0.1968971323257334,0.0744523571203058,0.255064,0.255064
4,645,0.0663689744348815,0.1888533774453254,0.0663689744348815,0.25277817,0.25277817
4,1506,0.0738553730349973,0.187689494886291,0.0738553730349973,0.24838623,0.24838623
4,1598,0.0772097420567134,0.1833447550769599,0.0772097420567134,0.24711582,0.24711582
4,755,0.0636884480925833,0.1899024775798243,0.0636884480925833,0.24666478,0.24666478
4,139,0.0596427699094025,0.1962188406362628,0.0596427699094025,0.24181075,0.24181075
4,64,0.0728079321795174,0.2102344721102816,0.0728079321795174,0.24074125,0.24074125
4,1297,0.0699932853613178,0.1680217025178795,0.0699932853613177,0.23927987,0.23927987
4,1346,0.0688287540517117,0.221105639304914,0.0688287540517117,0.20601569,0.20601569
4,1256,0.0654999769759369,0.1803168980406522,0.0654999769759369,0.18991125,0.18991125
4,2415,0.097573677781161,0.1758847405280453,0.097573677781161,0.18938202,0.18938202
4,52,0.0604440759351003,0.2140256768184321,0.0604440759351003,0.16455579,0.16455579
4,124,0.0640608488701047,0.1785041137080783,0.0640608488701047,0.12921156,0.12921156
5,1450,0.0593238900543471,0.1008712554448004,0.0593238900543471,0.41153747,0.41153747
5,1383,0.0566347713056897,0.1035780726254457,0.0566347713056897,0.27308768,0.27308768
5,236,0.062249780888103,0.1045149068892827,0.062249780888103,0.27198905,0.27198905
5,2216,0.0612691089271228,0.1165847970013311,0.0612691089271227,0.26888627,0.26888627
5,1899,0.1049297585502142,0.104093202294704,0.1049297585502142,0.26362443,0.26362443
5,1782,0.0488334724757761,0.0847370693229725,0.0488334724757761,0.25419813,0.25419813
5,1825,0.1289673636984631,0.1032801492941301,0.128967363698463,0.24596122,0.24596122
5,1736,0.0462052693265749,0.092992079272017,0.0462052693265748,0.24157247,0.24157247
5,1220,0.0893738118921371,0.1228155563794871,0.0893738118921371,0.22521152,0.22521152
5,1495,0.1958442783732607,0.2023519578152511,0.1958442783732608,0.22379403,0.22379403
5,1879,0.0571074019614751,0.0847614145465402,0.0571074019614751,0.22145687,0.22145687
5,1763,0.1867411032555587,0.120820604270274,0.1867411032555587,0.22001591,0.22001591
5,1689,0.0457115255983385,0.0832606172987536,0.0457115255983384,0.21815397,0.21815397
5,1885,0.0571157679499486,0.0847780132766605,0.0571157679499486,0.21631436,0.21631436
5,1880,0.0571328324988557,0.0847780132766605,0.0571328324988557,0.21539956,0.21539956
5,1881,0.0571234550479457,0.0847780132766605,0.0571234550479456,0.20759253,0.20759253
5,1882,0.0571345929086211,0.0847780132766605,0.0571345929086211,0.20470837,0.20470837
5,1103,0.0521658256237522,0.0863220662297061,0.0521658256237522,0.20429859,0.20429859
5,1883,0.0571365060940422,0.0847780132766605,0.0571365060940423,0.19785947,0.19785947
5,1884,0.0571328324988557,0.0847780132766605,0.0571328324988557,0.19481117,0.19481117
5,2219,0.0571324237990036,0.0847780132766605,0.0571324237990036,0.17338732,0.17338732
5,2198,0.0907296692363134,0.1386676623117388,0.0907296692363134,0.14728768,0.14728768
5,1513,0.1015916390447343,0.0910015361188946,0.1015916390447343,0.14127757,0.14127757
506,1454,0.3899136339207121,0.3478142868336403,0.3899136339207121,0.55345905,0.55345905
506,1517,0.2428144699396229,0.2059338378216388,0.2428144699396229,0.5047273,0.5047273
506,1456,0.2744722413112256,0.2300135539665245,0.2744722413112256,0.4938743,0.4938743
506,1453,0.1476510864827765,0.1984001686717564,0.1476510864827765,0.49330747,0.49330747
506,2357,0.2668842326554644,0.2398510326140054,0.2668842326554643,0.49033552,0.49033552
506,313,0.1806790769253416,0.2097849425374642,0.1806790769253417,0.4856475,0.4856475
506,1958,0.1469429530206425,0.1815806295129594,0.1469429530206425,0.47202453,0.47202453
506,1421,0.3554737505697722,0.3034869714318014,0.3554737505697722,0.4706882,0.4706882
506,1677,0.1463678417282843,0.2293209215105462,0.1463678417282843,0.4671442,0.4671442
506,1951,0.1465570781626261,0.1815806295129594,0.1465570781626262,0.46559554,0.46559554
506,2265,0.1963680303999226,0.3051340254998996,0.1963680303999226,0.46392888,0.46392888
506,1953,0.1459341516164397,0.1815806295129594,0.1459341516164396,0.46369296,0.46369296
506,1955,0.1458388412406748,0.1814421768588114,0.1458388412406748,0.4623577,0.4623577
506,2422,0.3038268929005469,0.1851304431320789,0.303826892900547,0.46188545,0.46188545
506,1944,0.1461531425201621,0.1815806295129594,0.1461531425201621,0.46139008,0.46139008
506,1941,0.1456948238672226,0.1815806295129594,0.1456948238672226,0.46071064,0.46071064
506,1943,0.1456948238672226,0.1815806295129594,0.1456948238672226,0.46044225,0.46044225
506,1956,0.1466230658888496,0.1815806295129594,0.1466230658888496,0.45992908,0.45992908
506,1950,0.1456948238672226,0.1815806295129594,0.1456948238672226,0.45922542,0.45922542
506,1942,0.1456948238672226,0.1815806295129594,0.1456948238672226,0.45880046,0.45880046
506,1954,0.1472456342540948,0.1821068002172686,0.1472456342540947,0.45444316,0.45444316
506,1949,0.1456948238672226,0.1815806295129594,0.1456948238672226,0.45355225,0.45355225
506,1298,0.1914826768878696,0.2924319553679573,0.1914826768878696,0.45343485,0.45343485
506,880,0.1782326605512292,0.2140578482140561,0.1782326605512292,0.45235,0.45235
506,1952,0.1461125500854003,0.1815806295129594,0.1461125500854003,0.4506369,0.4506369
506,1948,0.1459341516164397,0.1815806295129594,0.1459341516164396,0.44950294,0.44950294
506,1602,0.1682268905108532,0.1754772859206125,0.1682268905108532,0.4490759,0.4490759
506,1947,0.1458842764422184,0.1814421768588114,0.1458842764422183,0.44335476,0.44335476
506,1945,0.1460179546494738,0.1814421768588114,0.1460179546494738,0.44267303,0.44267303
506,2442,0.1835500238907875,0.1789650787232107,0.1835500238907875,0.44004422,0.44004422
506,1946,0.1469429530206425,0.1815806295129594,0.1469429530206425,0.4391068,0.4391068
506,1431,0.1386127564348325,0.2657662524780838,0.1386127564348325,0.43745133,0.43745133
506,95,0.2079120884519542,0.2340862447019084,0.2079120884519543,0.43738222,0.43738222
506,2096,0.1872927313734494,0.1890033311597027,0.1872927313734494,0.43637416,0.43637416
506,1957,0.1461042231890941,0.1814421768588114,0.1461042231890941,0.43473795,0.43473795
506,2206,0.1946272076548042,0.2673270047691052,0.1946272076548042,0.43229783,0.43229783
506,1336,0.1628971130292695,0.2693465816156002,0.1628971130292695,0.42969733,0.42969733
506,1719,0.1596490639061035,0.2325969346749826,0.1596490639061035,0.4271291,0.4271291
506,2105,0.1389982017045039,0.1757688444575446,0.1389982017045039,0.42546877,0.42546877
506,1614,0.1504963865016483,0.178277993609921,0.1504963865016483,0.41058218,0.41058218
506,2308,0.1791057992328425,0.1869777961429097,0.1791057992328425,0.41054127,0.41054127
506,1423,0.1336357124663998,0.2524472038471437,0.1336357124663998,0.40427274,0.40427274
506,2142,0.2027435892080952,0.2893299899838772,0.2027435892080952,0.40362287,0.40362287
506,2384,0.2167971064904869,0.3096306406015534,0.216797106490487,0.39872652,0.39872652
506,1747,0.1888417150741149,0.2274134245901763,0.1888417150741149,0.3976777,0.3976777
506,1549,0.1438672609842284,0.1899169932331862,0.1438672609842284,0.39501023,0.39501023
506,1389,0.1370884692774149,0.1881162831768034,0.1370884692774149,0.39468476,0.39468476
506,1674,0.1979451345686164,0.2289280673010472,0.1979451345686165,0.390823,0.390823
506,1218,0.1678192761073155,0.2096169246070585,0.1678192761073155,0.39059895,0.39059895
506,2235,0.1780534539492393,0.3401057600223923,0.1780534539492393,0.38903388,0.38903388
506,2381,0.1816488793826611,0.1958152763334689,0.1816488793826611,0.38716227,0.38716227
506,1598,0.1475929204842634,0.1870115271813163,0.1475929204842634,0.38621736,0.38621736
506,1983,0.167660509709875,0.2302225703016237,0.1676605097098751,0.38602966,0.38602966
506,2272,0.1472127815779647,0.1893662602891455,0.1472127815779647,0.38539845,0.38539845
506,2013,0.2799072971970939,0.4271257421285845,0.2799072971970939,0.3826908,0.3826908
506,1325,0.1782463212486133,0.2373247622775947,0.1782463212486134,0.38260168,0.38260168
506,2070,0.2151000983926817,0.2876879945703637,0.2151000983926817,0.38183492,0.38183492
506,1399,0.2648023194746665,0.3498975302249082,0.2648023194746665,0.37430453,0.37430453
506,1484,0.1812442655460202,0.2976151911878872,0.1812442655460202,0.37404203,0.37404203
506,1923,0.1614858659950833,0.1748531566425647,0.1614858659950833,0.3667781,0.3667781
506,1830,0.1805599656183713,0.2908146956089499,0.1805599656183713,0.362073,0.362073
506,1347,0.1523671954308885,0.2100982964726417,0.1523671954308885,0.360164,0.360164
506,2365,0.1908822922589866,0.2631379677145605,0.1908822922589866,0.35378125,0.35378125
506,2270,0.1418952803171092,0.1765119379463148,0.1418952803171091,0.35177827,0.35177827
506,1760,0.1359988028348953,0.2254255906384644,0.1359988028348953,0.3504883,0.3504883
506,2207,0.1593710419557721,0.1751072239472721,0.1593710419557721,0.34921178,0.34921178
506,1594,0.1489208217748149,0.1801140552570944,0.1489208217748149,0.33961406,0.33961406
506,2326,0.1351549009919408,0.2207998276853651,0.1351549009919408,0.32795566,0.32795566
506,1250,0.1747128742387247,0.2736001976730735,0.1747128742387247,0.32644522,0.32644522
506,1408,0.234571839722052,0.247896744420239,0.2345718397220519,0.31628796,0.31628796
506,1378,0.1490602239219868,0.1807129494051779,0.1490602239219869,0.25906655,0.25906655
506,1964,0.1720013035809627,0.2460250829556267,0.1720013035809627,0.25647876,0.25647876
508,1395,0.1401390022210697,0.2605391397939793,0.1401390022210697,0.4374957,0.4374957
508,1249,0.1853385357525061,0.2129279908063504,0.1853385357525061,0.43422675,0.43422675
508,2393,0.1799667863764523,0.2156379262691369,0.1799667863764523,0.42230618,0.42230618
508,1656,0.1406554675336734,0.2506019558901153,0.1406554675336734,0.39112243,0.39112243
508,1987,0.1377279789817192,0.2122943214157856,0.1377279789817191,0.3675757,0.3675757
508,1895,0.1507919197574521,0.258516431046118,0.1507919197574521,0.36753857,0.36753857
508,1598,0.1578970577908647,0.2298397771439619,0.1578970577908647,0.3663288,0.3663288
508,1359,0.1457017189214332,0.2137642768201793,0.1457017189214332,0.3644277,0.3644277
508,1367,0.1407798701336149,0.2327334635952671,0.1407798701336149,0.35490456,0.35490456
508,1821,0.2396053071700073,0.2138140459064075,0.2396053071700074,0.35132793,0.35132793
508,1149,0.1456107814354456,0.2366793192984989,0.1456107814354457,0.3511669,0.3511669
508,2353,0.1577923484583153,0.2381458697253895,0.1577923484583153,0.35073137,0.35073137
508,109,0.1666086337649099,0.2739195161330931,0.1666086337649098,0.34619534,0.34619534
508,875,0.1678789112131986,0.2377611730787899,0.1678789112131986,0.34262067,0.34262067
508,213,0.1421914906126861,0.2195820201336093,0.1421914906126862,0.33505076,0.33505076
508,1805,0.1630562649814631,0.2178396816759119,0.163056264981463,0.33478755,0.33478755
508,1594,0.1548598305981987,0.2129564254970415,0.1548598305981987,0.33311164,0.33311164
508,232,0.1359134098806615,0.2134977551032329,0.1359134098806615,0.31826985,0.31826985
508,1807,0.1827211235773841,0.2348261044012579,0.1827211235773841,0.31525326,0.31525326
508,1347,0.1408565202212385,0.2181835011464444,0.1408565202212385,0.31522977,0.31522977
508,933,0.1529373867993836,0.2432437147805236,0.1529373867993836,0.31427398,0.31427398
508,1105,0.1612694063239232,0.2279216798016606,0.1612694063239232,0.31335497,0.31335497
508,1809,0.2039827265588155,0.2645336805244376,0.2039827265588155,0.31036925,0.31036925
508,541,0.1547788962800896,0.2272769623289542,0.1547788962800896,0.30925196,0.30925196
508,41,0.1340625371670397,0.211499425527724,0.1340625371670396,0.30542868,0.30542868
508,1511,0.2034931744626751,0.2688669083946904,0.2034931744626751,0.30440477,0.30440477
508,1995,0.1337674182922244,0.2252216945130127,0.1337674182922245,0.2969532,0.2969532
508,737,0.1662593095230591,0.2416632738502852,0.1662593095230591,0.29662102,0.29662102
508,318,0.1416318546320594,0.215020452643076,0.1416318546320594,0.29661614,0.29661614
508,620,0.1565065137925613,0.2142420709767682,0.1565065137925614,0.29631376,0.29631376
508,534,0.1435894567161079,0.2175298517211456,0.1435894567161079,0.29380146,0.29380146
508,1745,0.1949190214709353,0.2659194211302035,0.1949190214709353,0.29345292,0.29345292
508,1759,0.1325949803894452,0.2217322264929315,0.1325949803894452,0.2924961,0.2924961
508,120,0.1509745686553062,0.2565304327277306,0.1509745686553062,0.29147643,0.29147643
508,715,0.1538786169420225,0.2236863569585366,0.1538786169420225,0.2881381,0.2881381
508,1770,0.193387020001219,0.2391720786293325,0.193387020001219,0.28719527,0.28719527
508,765,0.1429622304222698,0.2153588946975464,0.1429622304222698,0.28709048,0.28709048
508,997,0.1815899309088781,0.2575686073258422,0.1815899309088781,0.28660154,0.28660154
508,425,0.146323417813156,0.2246186607952299,0.146323417813156,0.2843998,0.2843998
508,376,0.1394540172232576,0.2150593082502919,0.1394540172232576,0.28301805,0.28301805
508,545,0.1350036506347506,0.2195820201336093,0.1350036506347506,0.28041673,0.28041673
508,444,0.1389519417594168,0.2167487220424108,0.1389519417594169,0.27722752,0.27722752
508,836,0.1459256333551607,0.2362984862307626,0.1459256333551607,0.27685684,0.27685684
508,1692,0.1513025363496242,0.2350969975213442,0.1513025363496242,0.27093196,0.27093196
508,1771,0.2080865706176992,0.2256605936216231,0.2080865706176992,0.27054417,0.27054417
508,802,0.150888003044464,0.2382471868411091,0.150888003044464,0.26497132,0.26497132
508,305,0.1659980541986787,0.2792132799175239,0.1659980541986787,0.26433054,0.26433054
508,49,0.1495011413996136,0.2286420014029418,0.1495011413996136,0.25799167,0.25799167
508,814,0.1323745251597671,0.2177815866820129,0.1323745251597671,0.2505073,0.2505073
508,1689,0.1516779326465759,0.2217305650842697,0.1516779326465759,0.24453606,0.24453606
508,97,0.1404648762364006,0.2309702086356708,0.1404648762364005,0.24334629,0.24334629
508,487,0.1402360973844334,0.2335144493415756,0.1402360973844334,0.23265922,0.23265922
518,1299,0.1346514590408171,0.2375624119987718,0.1346514590408172,0.63992876,0.63992876
518,1915,0.1865846602828975,0.1798193619838965,0.1865846602828975,0.54825115,0.54825115
518,1455,0.2097795766998743,0.1680966796786815,0.2097795766998743,0.5460942,0.5460942
518,1688,0.3335712670454467,0.3520553359346803,0.3335712670454467,0.5349612,0.5349612
518,2394,0.162361267639215,0.2048885936694791,0.162361267639215,0.51530945,0.51530945
518,1743,0.1594558570183117,0.2157171817006828,0.1594558570183117,0.48779687,0.48779687
518,1971,0.1329960026014533,0.1889023036800374,0.1329960026014534,0.47132647,0.47132647
518,2281,0.1731757625001114,0.1965086094576846,0.1731757625001114,0.47039074,0.47039074
518,2350,0.2138437406687073,0.2262836787877318,0.2138437406687072,0.46483472,0.46483472
518,1855,0.1968526876333452,0.1687613339408996,0.1968526876333451,0.46285033,0.46285033
518,1602,0.2167402479244804,0.2359129142410947,0.2167402479244804,0.4578311,0.4578311
518,1230,0.1370321582564478,0.2197425343230547,0.1370321582564477,0.45774812,0.45774812
518,1655,0.1349946901787829,0.1714829636069004,0.1349946901787829,0.45463866,0.45463866
518,1674,0.1465508708720961,0.1898481515853877,0.1465508708720961,0.4481091,0.4481091
518,2444,0.1860235700946132,0.1776238088384809,0.1860235700946132,0.4467501,0.4467501
518,2041,0.144499314711241,0.1936895788742534,0.1444993147112411,0.4466572,0.4466572
518,1111,0.1624245183215353,0.1892721056155561,0.1624245183215353,0.4461941,0.4461941
518,998,0.1364686661243866,0.1918506719280265,0.1364686661243866,0.4461303,0.4461303
518,1748,0.2540680875195852,0.2398294769955221,0.2540680875195853,0.43886483,0.43886483
518,1694,0.1740027938135561,0.1781654123900975,0.1740027938135562,0.43822733,0.43822733
518,1516,0.23504963735392,0.217447091934479,0.23504963735392,0.43805128,0.43805128
518,2321,0.1921267626359842,0.216538966314337,0.1921267626359841,0.43698728,0.43698728
518,2381,0.1515292418847615,0.1699232032302784,0.1515292418847615,0.43470857,0.43470857
518,1512,0.1788765310588271,0.1867824048105276,0.1788765310588271,0.42926764,0.42926764
518,1361,0.1663669116184099,0.1711368619074858,0.1663669116184098,0.4253044,0.4253044
518,1541,0.1874702687519848,0.1772587151266146,0.1874702687519848,0.41796905,0.41796905
518,1736,0.2176628215545856,0.2592800044950167,0.2176628215545856,0.41521668,0.41521668
518,2431,0.2010364957174021,0.1903394544971396,0.2010364957174021,0.4069267,0.4069267
518,2280,0.1938312586954336,0.1789984299581729,0.1938312586954336,0.4056656,0.4056656
518,2434,0.2002878970066955,0.1902685777661412,0.2002878970066954,0.4054637,0.4054637
518,1741,0.1457979536934985,0.2788266167823998,0.1457979536934985,0.4026206,0.4026206
518,1399,0.1504802095372808,0.2213334355909625,0.1504802095372808,0.40221655,0.40221655
518,2442,0.1961490707246269,0.1913392520683102,0.1961490707246269,0.40213504,0.40213504
518,2079,0.1506000132334593,0.1814478154805896,0.1506000132334594,0.39745986,0.39745986
518,2101,0.1506000132334593,0.1814478154805896,0.1506000132334594,0.39745986,0.39745986
518,583,0.1417666964176906,0.1927548337298102,0.1417666964176905,0.39276612,0.39276612
518,1014,0.1379534235319775,0.1721025301159019,0.1379534235319774,0.3861473,0.3861473
518,2340,0.1590807959345579,0.2094093763726507,0.1590807959345579,0.38441616,0.38441616
518,2441,0.1547381919775987,0.1755438543167112,0.1547381919775987,0.38412,0.38412
518,1346,0.173708635483445,0.2339860990007246,0.1737086354834449,0.37910154,0.37910154
518,1520,0.2408001744913784,0.2987375929252367,0.2408001744913783,0.37696654,0.37696654
518,1692,0.1442575472847928,0.1697549959595728,0.1442575472847929,0.37401286,0.37401286
518,721,0.139345799975965,0.1907384379020775,0.139345799975965,0.36589986,0.36589986
518,2328,0.1719783171734226,0.1922675660882084,0.1719783171734226,0.36566153,0.36566153
518,1240,0.1651210632185932,0.2383018266190643,0.1651210632185933,0.3514642,0.3514642
518,2433,0.1933207850110667,0.178639345022928,0.1933207850110667,0.35084707,0.35084707
518,2216,0.1608324301272678,0.1847334778212815,0.1608324301272679,0.35007432,0.35007432
518,2316,0.1372275702209092,0.2082931954931342,0.1372275702209092,0.3417748,0.3417748
518,1539,0.2247580357669219,0.2314100090476449,0.2247580357669218,0.3416583,0.3416583
518,1535,0.2246591665811974,0.2315937393317511,0.2246591665811974,0.34056228,0.34056228
518,1253,0.1611443307725502,0.1691871182022628,0.1611443307725502,0.3368383,0.3368383
518,1376,0.1640368016034414,0.1726264703391327,0.1640368016034413,0.32850748,0.32850748
518,280,0.1471004682896162,0.222947758062854,0.1471004682896162,0.32155254,0.32155254
518,799,0.1340550215321894,0.1974458532382553,0.1340550215321895,0.31589574,0.31589574
518,239,0.1456432499811551,0.1871827500118622,0.1456432499811552,0.28981906,0.28981906
518,1378,0.1853806627532041,0.1711584643901042,0.1853806627532042,0.2756738,0.2756738
518,1732,0.132097148944463,0.1941620279735649,0.1320971489444631,0.26786074,0.26786074
